trt10,tpop17,pyoung17,white17,black17,asian17,hisp17,pwht17,pblk17,pasian17,phisp17,pcol17,pbiz17,pprof17,minc17,mhval17,mrent17,foreign17,pforeign17,tpop,pyoung,white,black,asian,hisp,pwht,pblk,pasian,phisp,pcol,pbiz,pprof,minc,mhval,mrent,foreign,pforeign,m_minc,gentable,gentable2,c_mhval,c_mrent,c_col,c_minc,m_c_mhval,m_c_mrent,m_c_col,m_c_minc,gent,gent2
010100,3889,34.889999,1517,236,1534,475,39.009998,6.0700002,39.439999,12.21,52.959999,28.559999,23.559999,62414,1145800,1770,1737,44.66,2879,36.990002,1657,159,749,209,57.549999,5.52,26.02,7.2600002,55.630001,33.48,31.610001,76037.3363915122,801814.823205957,1544.62901768062,988,34.32,90298.188,1,0,343985.19,225.37099,-2.670002,-13623.336,461054.94,495.1232,12.879997,22653.719,0,non-gentrifying
010200,4167,33.790001,3363,84,503,136,80.709999,2.02,12.07,3.26,85.809998,46.700001,25.450001,151453,1305300,2471,805,19.32,4288,36.919998,3587,31,421,162,83.650002,.72000003,9.8199997,3.78,70.510002,36.360001,33.25,122888.475165025,1206373.07565459,1808.25846657645,533,12.43,90298.188,0,0,98926.922,662.74152,15.299995,28564.525,461054.94,495.1232,12.879997,22653.719,,non-gentrifiable
010300,4359,37.490002,2591,0,1266,407,59.439999,0,29.040001,9.3400002,72.790001,34.380001,27.41,150972,1545800,2206,953,21.860001,4092,30.99,2375,23,1434,140,58.040001,.56,35.040001,3.4200001,59.790001,22.42,33.200001,100281.003150707,927944.938922663,1671.97943105262,1404,34.310001,90298.188,0,0,617855.06,534.02057,13,50690.996,461054.94,495.1232,12.879997,22653.719,,non-gentrifiable
010400,4536,30.690001,2855,9,1024,344,62.939999,.2,22.57,7.5799999,74.110001,38.290001,30.719999,130732,1519800,2220,1070,23.59,4859,32.619999,3054,30,1523,166,62.849998,.62,31.34,3.4200001,61.380001,28.389999,30.290001,108566.69001033,1057896.98374575,1645.37567368136,1478,30.42,90298.188,0,0,461903.03,574.62433,12.73,22165.311,461054.94,495.1232,12.879997,22653.719,,non-gentrifiable
010500,2779,24.719999,1384,252,658,210,49.799999,9.0699997,23.68,7.5599999,78.559998,40.490002,36.099998,135300,1525000,2270,953,34.290001,2217,16.780001,1670,42,380,71,75.330002,1.89,17.139999,3.2,68.540001,46.490002,22.219999,113515.229807263,791430.714825684,2258.77154500877,617,27.09,90298.188,0,0,733569.31,11.228455,10.019997,21784.77,461054.94,495.1232,12.879997,22653.719,,non-gentrifiable
010600,3429,35.110001,1213,64,1910,147,35.369999,1.87,55.700001,4.29,48.43,21.84,28.879999,63281,1045700,1134,1658,48.349998,4279,30.1,1377,41,2644,131,32.18,.95999998,61.790001,3.0599999,32.450001,18,17.33,58070.583501114,701574.728576822,1051.37471991565,2118,50.209999,90298.188,1,1,344125.28,82.625282,15.98,5210.4165,461054.94,495.1232,12.879997,22653.719,0,non-gentrifying
010700,5548,23.139999,814,0,4308,333,14.67,0,77.650002,6,22.16,18.07,15.95,25323,864100,746,3980,71.739998,5634,19.469999,744,53,4592,136,13.21,.94,81.510002,2.4100001,16.58,10.6,15.35,24729.9753677421,746902.209759218,517.145842700054,4015,71.260002,90298.188,1,1,117197.79,228.85416,5.5799999,593.02466,461054.94,495.1232,12.879997,22653.719,0,non-gentrifying
010800,5038,33.82,2335,111,2149,312,46.349998,2.2,42.66,6.1900001,58.400002,24.65,31.940001,108879,1485700,1907,1540,30.57,5130,31.83,2018,39,2813,132,39.34,.75999999,54.830002,2.5699999,46.450001,20.9,26.129999,78030.0969228686,940925.878659821,1288.01260379597,2303,44.889999,90298.188,1,0,544774.13,618.98737,11.950001,30848.902,461054.94,495.1232,12.879997,22653.719,1,gentrifying
010900,4486,44.900002,2954,69,1112,195,65.849998,1.54,24.790001,4.3499999,75.25,40.040001,28.860001,141544,1272400,2415,1050,23.41,4497.73364305071,40.880001,3144.221,65.87891999999999,948.2572,194.6423,69.910004,1.46,21.08,4.3299999,64.779999,33.66,31.98,98123.8805852551,902909.340492212,1473.84341637011,1145.89396853578,25.48,90298.188,0,0,369490.66,941.15656,10.470001,43420.121,461054.94,495.1232,12.879997,22653.719,,non-gentrifiable
011000,5127,48.509998,2644,107,2061,315,51.57,2.0899999,40.200001,6.1399999,66.5,36.59,23.610001,121523,1237500,1845,1458,28.440001,5037.26635694928,38.5,1925.779,72.12108000000001,2775.743,141.3577,38.23,1.4299999,55.099998,2.8099999,44.68,20.01,24.200001,67997.274060593,720399.994151826,1204.08710525302,2199.10603146422,43.66,90298.188,1,1,517100,640.9129,21.82,53525.727,461054.94,495.1232,12.879997,22653.719,1,gentrifying
011100,4835,42.48,2226,202,1727,490,46.040001,4.1799998,35.720001,10.13,65.099998,36.240002,27.01,108198,1066000,1673,1661,34.349998,5559,38.66,2679,119,2241,327,48.189999,2.1400001,40.310001,5.8800001,42.619999,20.67,25.08,54401.9464505784,875082.561996991,1151.56298932384,2191,39.41,90298.188,1,1,190917.44,521.43701,22.48,53796.055,461054.94,495.1232,12.879997,22653.719,1,gentrifying
011200,3329,32.68,1955,169,952,150,58.73,5.0799999,28.6,4.5100002,74.470001,31.209999,33.669998,128333,1665600,2094,977,29.35,3700,30.08,2108,37,1367,102,56.970001,1,36.950001,2.76,57.029999,31.18,27.15,112690.137478785,1274831.02061469,1496.71217229421,1124,30.379999,90298.188,0,0,390768.97,597.28784,17.440002,15642.862,461054.94,495.1232,12.879997,22653.719,,non-gentrifiable
011300,2843,22.549999,441,0,2223,75,15.51,0,78.190002,2.6400001,24.370001,13.79,21.57,39292,1000000,824,1844,64.860001,3264,19.42,424,28,2675,69,12.99,.86000001,81.949997,2.1099999,16.790001,12.56,15.44,36884.7862807768,949985.5162762291,670.325281087214,2240,68.629997,90298.188,1,1,50014.484,153.67471,7.5799999,2407.2136,461054.94,495.1232,12.879997,22653.719,0,non-gentrifying
011700,1790,27.15,562,67,860,185,31.4,3.74,48.040001,10.34,52.560001,18.99,24.4,63250,1708300,1107,1021,57.040001,1747,28.91,527,75,929,144,30.17,4.29,53.18,8.2399998,26.25,12.42,15.91,29193.4351424508,582493.275948359,831.909706776394,1051,60.959999,90298.188,1,1,1125806.8,275.0903,26.310001,34056.566,461054.94,495.1232,12.879997,22653.719,1,gentrifying
011800,1570,28.219999,193,9,1310,24,12.29,.56999999,83.440002,1.53,31.049999,14.73,25.68,37656,,836,1184,75.410004,1528,20.030001,130,4,1358,10,8.5100002,.25999999,88.870003,.64999998,14.63,8.6199999,14.46,28285.7085604237,521055.008896797,742.876631079478,1195,77.050003,90298.188,1,1,,93.123367,16.419998,9370.291,461054.94,495.1232,12.879997,22653.719,1,gentrifying
011901,2699,46.68,1401,59,629,363,51.91,2.1900001,23.299999,13.45,72.07,27.34,39.080002,103835,667300,2153,726,26.9,2450,42.759998,1483.178,61.21495,621.028,193.9252,60.540001,2.5,25.35,7.9200001,49.330002,25.459999,29.389999,68036.0447836393,438446.379883449,1244.07955910199,782.242990654205,31.93,90298.188,1,1,228853.63,908.92047,22.739998,35798.957,461054.94,495.1232,12.879997,22653.719,1,gentrifying
011902,2712,46.049999,1510,25,829,202,55.68,.92000002,30.57,7.4499998,66.980003,27.559999,33.07,84073,613600,1707,745,27.469999,2793,42.759998,1690.822,69.78505,707.972,221.0748,60.540001,2.5,25.35,7.9200001,49.330002,25.459999,29.389999,68036.04478363971,438446.379883449,1244.07955910199,891.757009345795,31.93,90298.188,1,1,175153.63,462.92044,17.650002,16036.955,461054.94,495.1232,12.879997,22653.719,0,non-gentrifying
012000,3973,40.599998,1555,241,1296,608,39.139999,6.0700002,32.619999,15.3,55.959999,24.139999,31,51788,,1399,1417,35.669998,3972,42.220001,2044,133,1076,475,51.459999,3.3499999,27.09,11.96,34.98,19.02,18.24,39579.9596295997,223308.119810202,1009.74635319404,1623,41.490002,90298.188,1,1,,389.25363,20.98,12208.04,461054.94,495.1232,12.879997,22653.719,1,gentrifying
012100,3859,61.259998,1702,175,1133,700,44.099998,4.5300002,29.360001,18.139999,66.949997,26.709999,35.049999,75711,644900,1760,1251,32.419998,3462,52.02,1944,113,981,257,56.150002,3.26,28.34,7.4200001,45.889999,24.17,18.950001,50904.659732042,463735.891777,1128.08023253786,1351,38.360001,90298.188,1,1,181164.11,631.91974,21.059998,24806.34,461054.94,495.1232,12.879997,22653.719,1,gentrifying
012201,4620,42.470001,1869,278,827,1343,40.450001,6.02,17.9,29.07,47.950001,22.4,30.01,67569,608100,1601,1645,35.610001,4723,41.209999,1838.848,312.1812,1393.067,874.7788,38.93,6.6100001,29.5,18.52,34.48,17.790001,17.43,45137.8144662829,251710.623974104,1007.89334217375,2160.42842928216,45.740002,90298.188,1,1,356389.38,593.10663,13.470001,22431.186,461054.94,495.1232,12.879997,22653.719,1,gentrifying
012202,3181,25.620001,1149,429,762,605,36.119999,13.49,23.950001,19.02,32.400002,18.24,23.49,31538,937500,1141,999,31.41,2312,41.209999,900.1518,152.8188,681.9332000000001,428.2212,38.93,6.6100001,29.5,18.52,34.48,17.790001,17.43,45137.8144662829,251710.623974104,1007.89334217375,1057.57157071784,45.740002,90298.188,1,1,685789.38,133.10666,-2.079998,-13599.814,461054.94,495.1232,12.879997,22653.719,0,non-gentrifying
012301,2117,19.700001,640,112,717,596,30.23,5.29,33.869999,28.15,26.700001,7.1700001,20.129999,30366,,944,1069,50.5,3135,33.880001,1254,322.8469,969.5512,410.253,40,10.3,30.93,13.09,27.690001,12.15,15.89,33331.5530948002,1488732.21233689,835.012521418216,1474.28364222401,47.029999,90298.188,1,1,,108.98748,-.98999977,-2965.553,461054.94,495.1232,12.879997,22653.719,0,non-gentrifying
012302,2713,43.09,1087,137,797,615,40.07,5.0500002,29.379999,22.67,56.360001,22.66,35.450001,56295,,1598,1012,37.299999,3070,33.880001,1228,316.1531,949.4488,401.747,40,10.3,30.93,13.09,27.690001,12.15,15.89,33331.5530948001,1488732.21233689,835.012521418215,1443.71635777599,47.029999,90298.188,1,1,,762.98749,28.67,22963.447,461054.94,495.1232,12.879997,22653.719,1,gentrifying
012401,4667,24.43,1497,521,1180,1262,32.080002,11.16,25.280001,27.040001,29.309999,11.17,16.92,32571,,1003,2080,44.57,4652,40.189999,1784.554,383.5002,1260.722,952.7851000000001,38.360001,8.2399998,27.1,20.48,30.32,8.9399996,21.09,29934.7283295248,1093285.22946323,821.914337682879,2266.91255495847,48.73,90298.188,1,1,,181.08566,-1.0100002,2636.2717,461054.94,495.1232,12.879997,22653.719,0,non-gentrifying
012402,4662,43.689999,1546,391,1470,1011,33.16,8.3900003,31.530001,21.690001,55.43,25.6,36.869999,60356,868800,1407,1690,36.25,3536,40.189999,1356.446,291.4998,958.2785,724.2148999999999,38.360001,8.2399998,27.1,20.48,30.32,8.9399996,21.09,29934.7283295248,1093285.22946323,821.914337682878,1723.08744504152,48.73,90298.188,1,1,-224485.23,585.08563,25.110001,30421.271,461054.94,495.1232,12.879997,22653.719,1,gentrifying
012501,4293,18.68,1012,396,1442,1193,23.57,9.2200003,33.59,27.790001,36.139999,8.0299997,14.19,24956,656300,788,2449,57.049999,3778,19.620001,1091.303,547.1182,1364.617,490.8906,28.889999,14.48,36.119999,12.99,13.69,6.0599999,12.05,18191.0245873612,0,556.451126608758,1744.51973599068,46.18,90298.188,1,1,656300,231.54887,22.450001,6764.9756,461054.94,495.1232,12.879997,22653.719,1,gentrifying
012502,3674,11.38,727,546,1443,592,19.790001,14.86,39.279999,16.110001,13.91,12.6,11.15,16129,,526,1635,44.5,3930,19.620001,1135.209,569.1303,1419.52,510.6406,28.889999,14.48,36.119999,12.99,13.69,6.0599999,12.05,18191.0245873612,0,556.451126608758,1814.70687200725,46.18,90298.188,1,1,,-30.451126,.22000027,-2062.0247,461054.94,495.1232,12.879997,22653.719,0,non-gentrifying
012601,2516,39.150002,1913,62,292,238,76.029999,2.46,11.61,9.46,82.889999,48.779999,26.940001,149485,1765000,2674,476,18.92,2311,42.790001,1962.587,12.22503,205.0043,78.52227999999999,84.919998,.52999997,8.8699999,3.4000001,74.459999,42.09,21.870001,130430.052304455,1166387.7076366,2065.07733138236,335.718006103764,14.53,90298.188,0,0,598612.31,608.92267,8.4300003,19054.947,461054.94,495.1232,12.879997,22653.719,,non-gentrifiable
012602,2844,41.630001,2158,13,496,111,75.879997,.46000001,17.440001,3.9000001,85.309998,44.919998,24.639999,158109,2000001,2608,559,19.66,2604,42.790001,2211.413,13.77497,230.9957,88.47772000000001,84.919998,.52999997,8.8699999,3.4000001,74.459999,42.09,21.870001,130430.052304455,1166387.7076366,2065.07733138236,378.281993896236,14.53,90298.188,0,0,833613.31,542.92267,10.849998,27678.947,461054.94,495.1232,12.879997,22653.719,,non-gentrifiable
012700,4092,35.529999,3167,36,384,295,77.389999,.88,9.3800001,7.21,85.599998,38.290001,36.740002,153615,1977600,2535,569,13.91,3498.71589840075,41.580002,2954.448,7.00693,331.1553,123.0628,84.440002,.2,9.4700003,3.52,77.599998,38.619999,30.1,138381.787333531,1315801.31414119,2309.41085860398,492.249088601297,14.07,90298.188,0,0,661798.69,225.58914,8,15233.213,461054.94,495.1232,12.879997,22653.719,,non-gentrifiable
012800,4556,38.59,3575,2,373,531,78.470001,.039999999,8.1899996,11.65,79.519997,41.299999,23.15,182368,2000001,2285,783,17.190001,4207.28410159925,38.369999,3551.552,16.99307,380.8447,153.9372,84.410004,.40000001,9.0500002,3.6600001,76.760002,39.43,25.059999,156076.810195129,1488732.21233689,1826.46209220852,610.750911398703,14.52,90298.188,0,0,511268.78,458.5379,2.7599945,26291.189,461054.94,495.1232,12.879997,22653.719,,non-gentrifiable
012901,2783,44.700001,2148,1,365,150,77.18,.039999999,13.12,5.3899999,90,40.130001,32.299999,154798,1229800,2292,468,16.82,2561,48.84,2072.678,20.19716,274.2326,125.2224,80.93,.79000002,10.71,4.8899999,69.839996,41.259998,22.52,105370.582198268,972044.334035348,1697.73901466394,487.424815983176,19.030001,90298.188,0,0,257755.67,594.26099,20.160004,49427.418,461054.94,495.1232,12.879997,22653.719,,non-gentrifiable
012902,3865,56.82,3061,83,353,238,79.199997,2.1500001,9.1300001,6.1599998,82.150002,38.57,28.209999,132563,2000001,2527,431,11.15,3145,48.84,2545.322,24.80284,336.7674,153.7776,80.93,.79000002,10.71,4.8899999,69.839996,41.259998,22.52,105370.582198268,972044.334035348,1697.73901466394,598.575184016824,19.030001,90298.188,0,0,1027956.7,829.26099,12.310005,27192.418,461054.94,495.1232,12.879997,22653.719,,non-gentrifiable
013000,4719,52.490002,3930,0,403,246,83.279999,0,8.54,5.21,88.440002,49.599998,24.950001,170792,2000001,2520,622,13.18,4130,44.290001,3450,18,409,157,83.540001,.44,9.8999996,3.8,75.739998,41.740002,26.26,154583.162754555,1284436.86180088,1831.62262752076,548,13.27,90298.188,0,0,715564.13,688.37738,12.700005,16208.837,461054.94,495.1232,12.879997,22653.719,,non-gentrifiable
013101,4061,48.950001,2920,85,629,290,71.900002,2.0899999,15.49,7.1399999,86.720001,51.599998,23.5,181161,1176100,2633,731,18,3616,41.669998,2934.4,56.47379,384.6927,153.7653,81.150002,1.5599999,10.64,4.25,76.050003,38.220001,31.07,122799.271041,913357.614605639,2071.46756820878,779.450131436525,21.559999,90298.188,0,0,262742.38,561.53241,10.669998,58361.73,461054.94,495.1232,12.879997,22653.719,,non-gentrifiable
013102,3012,41.77,1971,9,569,239,65.440002,.30000001,18.889999,7.9299998,87.540001,39.919998,24.469999,171333,1687500,2563,722,23.969999,2851,41.669998,2313.6,44.52621,303.3073,121.2347,81.150002,1.5599999,10.64,4.25,76.050003,38.220001,31.07,122799.271041,913357.614605638,2071.46756820878,614.549868563475,21.559999,90298.188,0,0,774142.38,491.53244,11.489998,48533.73,461054.94,495.1232,12.879997,22653.719,,non-gentrifiable
013200,4292,24.25,2943,115,793,335,68.57,2.6800001,18.48,7.8099999,91.75,43.330002,34.389999,204909,2000001,2832,860,20.040001,4436,29.190001,3772,49,410,135,85.029999,1.1,9.2399998,3.04,80.75,41.279999,29.83,172948.665851357,1488732.21233689,2367.18934011674,752,16.950001,90298.188,0,0,511268.78,464.81067,11,31960.334,461054.94,495.1232,12.879997,22653.719,,non-gentrifiable
013300,4634,18.709999,3343,76,616,340,72.139999,1.64,13.29,7.3400002,82,38.259998,33.799999,166103,2000001,1762,819,17.67,4145,27.549999,3553,42,329,109,85.720001,1.01,7.9400001,2.6300001,77.489998,36.790001,29.040001,178198.601144907,1488732.21233689,1825.61925065467,557,13.44,90298.188,0,0,511268.78,-63.619251,4.5100021,-12095.602,461054.94,495.1232,12.879997,22653.719,,non-gentrifiable
013400,3742,33.400002,2515,33,631,276,67.209999,.88,16.860001,7.3800001,88.029999,44.060001,27.32,194412,2000001,2581,612,16.35,3665,40.16,3006,101,330,140,82.019997,2.76,9,3.8199999,83.650002,34.360001,35.130001,127999.195660218,1369738.85737659,1942.81090512842,403,11,90298.188,0,0,630262.13,638.18909,4.3799973,66412.805,461054.94,495.1232,12.879997,22653.719,,non-gentrifiable
013500,2606,27.780001,1639,62,586,156,62.889999,2.3800001,22.49,5.9899998,80.129997,42.41,34.310001,153148,1712800,1862,642,24.639999,2666,39.610001,2120,51,304,110,79.519997,1.91,11.4,4.1300001,72.279999,37.18,30.98,120873.41026211,1064542.86719768,1605.9910547849,507,18.67,90298.188,0,0,648257.13,256.00894,7.8499985,32274.59,461054.94,495.1232,12.879997,22653.719,,non-gentrifiable
015100,2624,41.5,1309,68,978,148,49.889999,2.5899999,37.27,5.6399999,80.5,34.779999,36.740002,107568,898800,2226,916,34.91,2420,34.919998,1615,58,538,129,66.739998,2.4000001,22.23,5.3299999,60.75,29.940001,30.16,87461.970045843,621487.31063598,1448.92206405694,757,32.209999,90298.188,1,0,277312.69,777.07794,19.75,20106.029,461054.94,495.1232,12.879997,22653.719,1,gentrifying
015200,4277,37.34,2466,186,1048,395,57.66,4.3499999,24.5,9.2399998,66.989998,36.970001,38.959999,101475,1203100,2065,829,19.379999,3857,39.150002,2526,185,845,162,65.489998,4.8000002,21.91,4.1999998,61.27,27.129999,31.18,84377.6400663414,790204.153769589,1464.28262307981,1137,29.48,90298.188,1,0,412895.84,600.71741,5.7199974,17097.359,461054.94,495.1232,12.879997,22653.719,0,non-gentrifying
015300,2289,35.259998,1326,266,298,275,57.93,11.62,13.02,12.01,75.690002,36.560001,33.029999,153750,1122400,2556,395,17.26,2114,39.549999,1376,262,264,113,65.089996,12.39,12.49,5.3499999,61.959999,35.900002,29.610001,107635.314137258,1124460.51755835,1685.37934351763,355,16.639999,90298.188,0,0,-2060.5176,870.62067,13.730003,46114.688,461054.94,495.1232,12.879997,22653.719,,non-gentrifiable
015400,5951,37.619999,3831,36,1351,313,64.379997,.60000002,22.700001,5.2600002,80.43,35.009998,38.119999,136250,2000001,2360,1165,19.58,5762,36.84,3731,281,1236,312,64.75,4.8800001,21.450001,5.4099998,63.02,30.309999,32.889999,103988.093676641,930567.586564001,1744.86994612495,1292,22.549999,90298.188,0,0,1069433.4,615.13007,17.41,32261.906,461054.94,495.1232,12.879997,22653.719,,non-gentrifiable
015500,3551,31.51,1641,58,1163,329,46.209999,1.63,32.75,9.2600002,52.130001,31.99,34.529999,79783,970400,1470,1217,34.27,3591,31.440001,1594,628,1053,196,44.389999,17.49,29.32,5.46,44.599998,28.620001,24.620001,56295.0796054025,460642.326825,1308.60862076832,1255,34.639999,90298.188,1,1,509757.69,161.39137,7.5300026,23487.92,461054.94,495.1232,12.879997,22653.719,1,gentrifying
015600,3506,35.599998,1343,88,1270,512,38.310001,2.51,36.220001,14.6,69.959999,27.780001,37.990002,112702,1328100,1842,996,28.41,2821,42.93,1544,86,911,164,54.73,3.05,32.290001,5.8099999,62.91,20.379999,40.369999,98418.97432996771,909277.486917957,1585.30625273147,811,28.75,90298.188,0,0,418822.5,256.69376,7.0499992,14283.025,461054.94,495.1232,12.879997,22653.719,,non-gentrifiable
015700,8904,56.59,4212,545,2140,1139,47.299999,6.1199999,24.030001,12.79,76.690002,21.059999,40.560001,124942,1186000,2353,1547,17.370001,6875,57.560001,3823,509,1639,567,55.610001,7.4000001,23.84,8.25,56.830002,16.75,31.92,91632.59763970099,864900.7035845,1653.31478618517,1265,18.4,90298.188,0,0,321099.28,699.68524,19.860001,33309.402,461054.94,495.1232,12.879997,22653.719,,non-gentrifiable
015801,3837,25.59,1541,1015,763,240,40.16,26.450001,19.889999,6.25,54.389999,27,33.599998,88636,1032900,1558,1008,26.27,3947,41.439999,1721.607,1197.14,560.6567,257.3506,43.619999,30.33,14.2,6.52,48.16,17.91,35,70555.1542302826,666526.187422882,1306.04169464402,687.034201717362,17.41,90298.188,1,1,366373.81,251.9583,6.2299995,18080.846,461054.94,495.1232,12.879997,22653.719,0,non-gentrifying
015802,3412,42,2141,261,307,356,62.75,7.6500001,9,10.43,77.07,31.610001,42.830002,135536,1089300,1704,415,12.16,2924,41.439999,1275.393,886.8601,415.3433,190.6494,43.619999,30.33,14.2,6.52,48.16,17.91,35,70555.15423028239,666526.187422883,1306.04169464402,508.965798282638,17.41,90298.188,1,1,422773.81,397.95831,28.91,64980.848,461054.94,495.1232,12.879997,22653.719,0,non-gentrifying
015900,4832,36.59,1479,365,2026,596,30.610001,7.5500002,41.93,12.33,68.25,27.58,41.220001,80781,741300,1859,2145,44.389999,4165,35.970001,1699,694,1237,318,40.790001,16.66,29.700001,7.6399999,47.860001,27.18,27.68,65388.0970381627,398702.405099548,1610.85186139843,1672,40.139999,90298.188,1,1,342597.59,248.14813,20.389999,15392.903,461054.94,495.1232,12.879997,22653.719,0,non-gentrifying
016000,2562,36.490002,1297,250,681,187,50.619999,9.7600002,26.58,7.3000002,67.43,32.299999,39.139999,76989,709400,1580,1147,44.77,2026,34.900002,1220,91,441,159,60.220001,4.4899998,21.77,7.8499999,53.970001,30.43,31.120001,74211.3460461108,437571.123760655,1376.35282155567,770,38.830002,90298.188,1,1,271828.88,203.64717,13.459999,2777.6541,461054.94,495.1232,12.879997,22653.719,0,non-gentrifying
016100,5340,25.709999,1114,1890,1375,575,20.860001,35.389999,25.75,10.77,38.48,19.17,14.72,24450,570600,825,2527,47.32,5257,26.99,1313,2633,722,323,24.98,50.09,13.73,6.1399999,24.700001,11.6,19.379999,28308.0890654073,453071.560502023,633.7030446816919,1662,31.610001,90298.188,1,1,117528.44,191.29695,13.779999,-3858.0891,461054.94,495.1232,12.879997,22653.719,0,non-gentrifying
016200,3278,42.400002,1860,184,804,275,56.740002,5.6100001,24.530001,8.3900003,72.480003,27.719999,44.220001,121406,1278400,1959,837,25.530001,2502,42.970001,1444,241,327,381,57.709999,9.6300001,13.07,15.23,43.900002,20.51,23.040001,61913.3916824493,622323.976415091,1101.7093867994,635,24.950001,90298.188,1,1,656076,857.29059,28.580002,59492.609,461054.94,495.1232,12.879997,22653.719,1,gentrifying
016300,4658,38.77,2726,336,587,606,58.52,7.21,12.6,13.01,73.550003,28.940001,38.889999,145054,1360400,2061,826,17.73,4521,47.110001,2239,1315,309,418,49.52,29.09,6.8299999,9.25,42.91,18.02,32.560001,73318.2137235813,917838.155616458,1217.26006602104,551,12.19,90298.188,1,1,442561.84,843.73993,30.640003,71735.789,461054.94,495.1232,12.879997,22653.719,1,gentrifying
016400,4008,46.66,2752,279,304,448,68.660004,6.96,7.5799999,11.18,71.059998,31.84,36.450001,182868,1109600,2597,521,13,3791,52.889999,2341,646,283,335,61.75,17.040001,7.4699998,8.8400002,58.18,20.370001,38.84,82561.9202637815,623174.813736434,1505.74618361434,624,16.459999,90298.188,1,0,486425.19,1091.2538,12.879997,100306.08,461054.94,495.1232,12.879997,22653.719,1,gentrifying
016500,5267,42,3653,273,586,420,69.360001,5.1799998,11.13,7.9699998,75.510002,30.129999,36.150002,168536,1319300,1759,1075,20.41,5121,47.259998,3312,618,545,352,64.669998,12.07,10.64,6.8699999,60.439999,21.01,35.580002,78238.6892199297,698539.056351677,1476.71453990849,905,17.67,90298.188,1,0,620760.94,282.28546,15.070004,90297.313,461054.94,495.1232,12.879997,22653.719,1,gentrifying
016600,5691,56.330002,4289,257,643,208,75.360001,4.52,11.3,3.6500001,77.699997,23.620001,37.560001,153672,1626000,2153,785,13.79,5045,56.889999,3835,354,315,314,76.019997,7.02,6.2399998,6.2199998,66.720001,22.68,37.860001,97783.0316464857,882625.418437132,1742.68015051378,782,15.5,90298.188,0,0,743374.56,410.31985,10.979996,55888.969,461054.94,495.1232,12.879997,22653.719,,non-gentrifiable
016700,5376,42.560001,3592,362,532,664,66.82,6.73,9.8999996,12.35,73.550003,28.25,38.540001,179867,1451600,2164,836,15.55,4701,49.139999,3295,511,303,392,70.089996,10.87,6.4499998,8.3400002,66.480003,21.91,38.360001,100419.671478958,919695.787484864,1485.15636540657,673,14.32,90298.188,0,0,531904.19,678.84363,7.0699997,79447.328,461054.94,495.1232,12.879997,22653.719,,non-gentrifiable
016801,4145,47.5,2470,102,613,673,59.59,2.46,14.79,16.24,71.5,26.34,39.16,143333,1084700,2081,853,20.58,2983,46.209999,1874.093,444.932,212.1983,281.6273,62.830002,14.92,7.1100001,9.4399996,52.27,20.190001,37.330002,76594.1430659811,678811.980354975,1226.46599446422,517.783478118341,17.360001,90298.188,1,0,405888.03,854.534,19.23,66738.859,461054.94,495.1232,12.879997,22653.719,1,gentrifying
016802,3622,34.57,1799,337,717,642,49.669998,9.3000002,19.799999,17.73,68.050003,26.870001,37.970001,93542,912300,1724,726,20.040001,3118,46.209999,1958.907,465.068,221.8017,294.3727,62.830002,14.92,7.1100001,9.4399996,52.27,20.190001,37.330002,76594.1430659809,678811.980354974,1226.46599446421,541.216521881659,17.360001,90298.188,1,0,233488.02,497.534,15.780003,16947.857,461054.94,495.1232,12.879997,22653.719,1,gentrifying
016900,3254,35,2025,154,539,337,62.23,4.73,16.559999,10.36,75.75,34.490002,42.189999,128594,1189100,2243,607,18.65,2995,41.740002,2299,131,200,249,76.760002,4.3699999,6.6799998,8.3100004,60.439999,24.030001,38.880001,95807.05344851311,816136.167482713,1512.75718333992,407,13.59,90298.188,0,0,372963.84,730.2428,15.310001,32786.945,461054.94,495.1232,12.879997,22653.719,,non-gentrifiable
017000,4287,27.200001,3014,75,693,219,70.309998,1.75,16.17,5.1100001,82.190002,34.48,40.540001,204821,1236300,2460,883,20.6,3775,26.459999,3129,76,235,234,82.889999,2.01,6.23,6.1999998,72.82,30.51,41.830002,127186.823923599,923887.952266366,1757.0183542144,556,14.73,90298.188,0,0,312412.06,702.98163,9.3700027,77634.18,461054.94,495.1232,12.879997,22653.719,,non-gentrifiable
017101,4113,27.809999,3164,186,456,87,76.93,4.52,11.09,2.1199999,83.5,33.27,44.869999,196447,1920800,2496,574,13.96,3611,42.970001,2786.68,235.6621,235.6621,201.3569,77.169998,6.5300002,6.5300002,5.5799999,74.43,27.27,39.700001,121012.270150378,1030258.41324023,1753.34799589228,422.103676166873,11.69,90298.188,0,0,890541.56,742.65198,9.0699997,75434.727,461054.94,495.1232,12.879997,22653.719,,non-gentrifiable
017102,4095,29.74,2839,81,414,494,69.330002,1.98,10.11,12.06,80.82,32.73,41.07,177396,1559600,2389,735,17.950001,3652,42.970001,2818.32,238.3379,238.3379,203.6431,77.169998,6.5300002,6.5300002,5.5799999,74.43,27.27,39.700001,121012.270150378,1030258.41324023,1753.34799589228,426.896323833127,11.69,90298.188,0,0,529341.56,635.65198,6.3899994,56383.73,461054.94,495.1232,12.879997,22653.719,,non-gentrifiable
017601,10343,38.009998,2388,1107,4132,2109,23.09,10.7,39.950001,20.389999,45.540001,25.209999,28.15,55998,603200,1122,4588,44.360001,5774.77666174298,29.48,1774.42,902.7166,2083.782,665.443,30.73,15.63,36.080002,11.52,23.43,14.14,16.41,35731.7306944881,591263.491676311,821.925493271289,2230.68717629549,38.630001,90298.188,1,1,11936.509,300.07449,22.110001,20266.27,461054.94,495.1232,12.879997,22653.719,0,non-gentrifying
017700,1915,43.599998,671,61,435,632,35.040001,3.1900001,22.719999,33,64.629997,24.02,41.110001,129531,1035200,2075,599,31.280001,1777,41.02,621,42,324,719,34.950001,2.3599999,18.23,40.459999,38.119999,6.0300002,29.309999,85965.000969079,866119.914704137,1363.49476264017,772,43.810001,90298.188,1,0,169080.08,711.50525,26.509998,43566,461054.94,495.1232,12.879997,22653.719,1,gentrifying
017801,3891,22.620001,1092,110,2265,314,28.059999,2.8299999,58.209999,8.0699997,41.950001,30.620001,43.880001,25472,1006800,425,2654,68.209999,2453,24.34,908.9861,208.7301,971.6893,244.9213,37.060001,8.5100002,39.610001,9.9799995,30.719999,19.52,26.290001,22433.3571319679,613817.013020276,568.0915969350129,1199.77749185109,48.91,90298.188,1,1,392983,-143.0916,11.230001,3038.6428,461054.94,495.1232,12.879997,22653.719,0,non-gentrifying
017802,6367,40.380001,2106,483,2130,1206,33.080002,7.5900002,33.450001,18.940001,58.060001,24.91,36.779999,95076,1045300,1497,2310,36.279999,3376,24.34,1251.014,287.2699,1337.311,337.0787,37.060001,8.5100002,39.610001,9.9799995,30.719999,19.52,26.290001,22433.3571319679,613817.013020276,568.0915969350129,1651.22250814891,48.91,90298.188,1,1,431483,928.90839,27.340002,72642.641,461054.94,495.1232,12.879997,22653.719,1,gentrifying
017902,3008,56.349998,840,669,310,783,27.93,22.24,10.31,26.030001,38.720001,6.3800001,8.7399998,54375,,2106,755,25.1,1453,71.370003,898,176,165,148,61.799999,12.11,11.36,10.19,58.810001,22.43,32.610001,124240.467301635,0,2596.79610270858,132,9.0699997,90298.188,0,0,,-490.79611,-20.09,-69865.469,461054.94,495.1232,12.879997,22653.719,,non-gentrifiable
018000,3457,40.41,1594,390,784,408,46.110001,11.28,22.68,11.8,60.900002,31.299999,42.57,179444,1000700,2593,922,26.67,2285,48.669998,857,656,244,421,37.509998,28.709999,10.68,18.42,26.59,19.200001,28.799999,101979.378471898,762048.877670898,1091.61180308422,429,17.18,90298.188,0,0,238651.13,1501.3882,34.310001,77464.625,461054.94,495.1232,12.879997,22653.719,,non-gentrifiable
020100,6343,37.650002,2056,597,1289,2142,32.41,9.4099998,20.32,33.77,52.880001,22.73,32.709999,71750,835500,1175,2169,34.200001,6340,37.43,1436,333,1025,3290,22.65,5.25,16.17,51.889999,21.91,11.58,16.98,40405.2471719659,358743.61622116,930.741842210998,3180,50.16,90298.188,1,1,476756.38,244.25816,30.970001,31344.752,461054.94,495.1232,12.879997,22653.719,1,gentrifying
020200,6131,35.650002,3256,397,1096,845,53.110001,6.48,17.879999,13.78,62.110001,28.74,37.279999,106404,1010900,1455,1742,28.41,6188,41.16,2990,422,705,1811,48.32,6.8200002,11.39,29.27,42.330002,14.78,33.009998,68590.27864672249,597507.482149741,1173.33962279172,2090,33.779999,90298.188,1,1,413392.53,281.66037,19.779999,37813.723,461054.94,495.1232,12.879997,22653.719,0,non-gentrifying
020300,3548,41.349998,2267,174,511,349,63.900002,4.9000001,14.4,9.8400002,78.889999,28.76,48.029999,151750,1063400,2004,700,19.73,3145,43.279999,2109,111,286,510,67.059998,3.53,9.0900002,16.219999,54.799999,23.34,41.040001,97405.4047639857,662036.638547841,1432.75130319282,565,17.969999,90298.188,0,0,401363.38,571.24872,24.09,54344.594,461054.94,495.1232,12.879997,22653.719,,non-gentrifiable
020401,3176,26.610001,2196,69,502,238,69.139999,2.1700001,15.81,7.4899998,76.370003,30.43,43.34,164423,1247700,2528,541,17.030001,2735.67962280308,32.529999,2099.437,70.19765,262.5311,201.6661,76.739998,2.5699999,9.6000004,7.3699999,67.349998,28.940001,38.73,116805.546121532,799841.761771865,1765.1697274078,451.618424826436,16.51,90298.188,0,0,447858.25,762.83026,9.0200043,47617.453,461054.94,495.1232,12.879997,22653.719,,non-gentrifiable
020402,4564,36.939999,2999,46,593,740,65.709999,1.01,12.99,16.209999,73.559998,35.57,37.740002,118625,1327700,2192,854,18.709999,4006.32037719692,32.529999,3074.563,102.8023,384.4689,295.3339,76.739998,2.5699999,9.6000004,7.3699999,67.349998,28.940001,38.73,116805.546121532,799841.761771865,1765.1697274078,661.381575173564,16.51,90298.188,0,0,527858.25,426.83026,6.2099991,1819.4539,461054.94,495.1232,12.879997,22653.719,,non-gentrifiable
020500,3046,25.08,2274,56,431,195,74.660004,1.84,14.15,6.4000001,79.910004,27.190001,36.310001,156250,1633100,1993,548,17.99,2551,30.889999,2052,61,151,176,80.440002,2.3900001,5.9200001,6.9000001,58.639999,26.139999,39.310001,105492.204061089,907059.043018045,1612.90406652292,343,13.15,90298.188,0,0,726040.94,380.09595,21.270004,50757.797,461054.94,495.1232,12.879997,22653.719,,non-gentrifiable
020600,5191,30.049999,3727,180,562,469,71.800003,3.47,10.83,9.0299997,77.050003,37.07,39.970001,149057,1569000,2127,986,18.99,4836,36.75,3753,124,320,439,77.610001,2.5599999,6.6199999,9.0799999,68.809998,27.01,40.080002,117248.631762656,1127317.03261046,1600.81802474693,657,13.75,90298.188,0,0,441682.97,526.18195,8.2400055,31808.369,461054.94,495.1232,12.879997,22653.719,,non-gentrifiable
020700,4793,32.360001,2843,73,488,1080,59.32,1.52,10.18,22.530001,78.470001,32.919998,40.02,179018,1513200,2126,1296,27.040001,5427,44.41,3448,132,467,1189,63.529999,2.4300001,8.6099997,21.91,60.23,20.440001,36.790001,90275.4229468718,971436.601093772,1347.00689169809,1464,26.98,90298.188,1,0,541763.38,778.9931,18.240002,88742.578,461054.94,495.1232,12.879997,22653.719,1,gentrifying
020800,6458,35.369999,2486,180,1040,2351,38.490002,2.79,16.1,36.400002,57.41,16.51,34.759998,105039,1001000,1495,1742,26.969999,7371,42.400002,1726,163,1073,4193,23.42,2.21,14.56,56.889999,27.25,9.0699997,17.91,63015.454099309,612441.142826985,1165.85535565221,3931,53.330002,90298.188,1,1,388558.84,329.14465,30.16,42023.547,461054.94,495.1232,12.879997,22653.719,0,non-gentrifying
020900,4597,37,1937,111,606,1797,42.139999,2.4100001,13.18,39.09,56.66,21.379999,40.099998,132813,1067200,1775,1756,38.200001,5092,39.220001,1337,71,569,2944,26.26,1.39,11.17,57.82,31.24,9.1700001,21.16,65650.4279784527,576127.368188786,1149.41463637193,2618,51.41,90298.188,1,1,491072.63,625.58539,25.42,67162.57,461054.94,495.1232,12.879997,22653.719,1,gentrifying
021000,4523,32.57,2675,93,542,864,59.139999,2.0599999,11.98,19.1,77.519997,33.009998,47.450001,160789,1611100,1734,1054,23.299999,4559,43.689999,2573,130,386,1276,56.439999,2.8499999,8.4700003,27.99,54.34,18.719999,37.349998,80429.4005921488,885998.845050693,1325.1571767497,1086,23.82,90298.188,1,0,725101.13,408.84283,23.179996,80359.602,461054.94,495.1232,12.879997,22653.719,1,gentrifying
021100,4080,26.719999,2742,12,599,493,67.209999,.28999999,14.68,12.08,77.599998,39.860001,42.09,184620,2000001,2291,997,24.440001,3833,35.349998,3045,53,269,334,79.440002,1.38,7.02,8.71,72.07,25.82,46.220001,109657.946961003,1120606.9949766,1738.82773366071,592,15.38,90298.188,0,0,879394,552.17224,5.5299988,74962.055,461054.94,495.1232,12.879997,22653.719,,non-gentrifiable
021200,3105,21.77,2155,44,288,285,69.400002,1.42,9.2799997,9.1800003,82.349998,35.900002,42.720001,195375,1726100,2015,701,22.58,2882,29.08,2327,36,174,212,80.739998,1.25,6.04,7.3600001,70.400002,25.26,45.700001,135201.478851541,985258.1946681309,1801.71184321748,504,17.67,90298.188,0,0,740841.81,213.28816,11.949997,60173.52,461054.94,495.1232,12.879997,22653.719,,non-gentrifiable
021300,2590,14.98,1863,45,350,211,71.93,1.74,13.51,8.1499996,81.709999,34.07,44.049999,156458,1567900,2370,642,24.790001,2402,32.389999,1884,31,183,188,78.43,1.29,7.6199999,7.8299999,69.279999,28.91,39.700001,136811.634418144,929885.241420361,1899.07307584956,414,17.02,90298.188,0,0,638014.75,470.92691,12.43,19646.365,461054.94,495.1232,12.879997,22653.719,,non-gentrifiable
021400,3823,30.5,2669,9,616,409,69.809998,.23999999,16.110001,10.7,77.440002,28.889999,46.689999,195905,1467500,2628,806,21.08,3285,35.59,2463,50,261,386,74.980003,1.52,7.9499998,11.75,69.550003,23.860001,46.98,116394.568366282,911781.808030557,1850.40779391491,581,17.690001,90298.188,0,0,555718.19,777.59222,7.8899994,79510.43,461054.94,495.1232,12.879997,22653.719,,non-gentrifiable
021500,5674,24.059999,3449,189,742,826,60.790001,3.3299999,13.08,14.56,77.779999,29.26,40.950001,196500,1517400,2574,1244,21.92,5195,35.130001,3298,80,465,1182,63.48,1.54,8.9499998,22.75,60.110001,23.33,35.240002,102158.968020364,802099.780589762,1517.33365186064,1233,23.73,90298.188,0,0,715300.25,1056.6664,17.669998,94341.031,461054.94,495.1232,12.879997,22653.719,,non-gentrifiable
021600,4135,21.959999,2489,177,712,478,60.189999,4.2800002,17.219999,11.56,75.040001,35.029999,36.560001,147229,1114000,2510,1252,30.280001,3880,23.76,2463,265,643,341,63.48,6.8299999,16.57,8.79,67.839996,20.059999,44.91,124203.663412204,719028.142652257,1632.13075170132,607,15.64,90298.188,0,0,394971.84,877.86926,7.2000046,23025.336,461054.94,495.1232,12.879997,22653.719,,non-gentrifiable
021700,4556,14.95,2404,464,984,390,52.77,10.18,21.6,8.5600004,76.25,29.690001,42.529999,160417,1347000,1340,1141,25.040001,4139,20.17,2244,494,744,467,54.220001,11.94,17.98,11.28,55.450001,25.67,36,110651.597634344,690416.326101877,1401.85265209287,744,17.98,90298.188,0,0,656583.69,-61.852654,20.799999,49765.402,461054.94,495.1232,12.879997,22653.719,,non-gentrifiable
021800,4095,19.27,2662,134,479,652,65.010002,3.27,11.7,15.92,75.919998,36.700001,46.470001,176469,1431300,1966,660,16.120001,3914,27.77,2646,94,297,674,67.599998,2.4000001,7.5900002,17.219999,60.189999,26.43,36.490002,123313.406693874,703958.3147867071,1831.47552674688,737,18.83,90298.188,0,0,727341.69,134.52448,15.73,53155.594,461054.94,495.1232,12.879997,22653.719,,non-gentrifiable
022600,3213,42.509998,1719,140,824,308,53.5,4.3600001,25.65,9.5900002,82.410004,36.099998,41.27,203158,1111000,3207,805,25.049999,846,39.130001,578,98,81,60,68.32,11.58,9.5699997,7.0900002,61.689999,26.540001,33.43,132645.206362725,695142.84937836,1541.68700220302,82,8.7299995,90298.188,0,0,415857.16,1665.313,20.720005,70512.797,461054.94,495.1232,12.879997,22653.719,,non-gentrifiable
022702,2298,36.34,1534,44,291,317,66.75,1.91,12.66,13.79,85.43,33.080002,47.360001,193804,1387200,2470,411,17.889999,1805,36.009998,1307,41,146,229,72.410004,2.27,8.0900002,12.69,69.980003,20.85,51.139999,148323.477777128,935168.1273792729,2164.39361646657,274,14.68,90298.188,0,0,452031.88,305.60638,15.449997,45480.523,461054.94,495.1232,12.879997,22653.719,,non-gentrifiable
022704,3367,20.639999,2101,29,657,214,62.400002,.86000001,19.51,6.3600001,77.300003,31.07,48.16,192231,1218200,2215,623,18.5,2717,29.26,2124.415,88.88768,166.9113,243.9473,78.190002,3.27,6.1399999,8.9799995,65.910004,24.809999,40.099998,122955.769753795,784912.936896496,1789.06147027811,400.982188295165,15.09,90298.188,0,0,433287.06,425.93854,11.389999,69275.227,461054.94,495.1232,12.879997,22653.719,,non-gentrifiable
022801,5769,30.540001,2155,32,975,2355,37.349998,.55000001,16.9,40.82,52.099998,15.85,33,144318,1096400,1917,1905,33.02,4676,42.07,1236,92,383,2839,26.43,1.97,8.1899996,60.709999,30.059999,13.61,21.719999,95062.1939907631,548656.046255686,1277.29072488859,2423,52.43,90298.188,0,0,547743.94,639.70929,22.039999,49255.805,461054.94,495.1232,12.879997,22653.719,,non-gentrifiable
022802,2438,29.49,863,154,445,877,35.400002,6.3200002,18.25,35.970001,43.029999,18.309999,32.290001,113281,1037500,1964,725,29.74,1762,32.119999,613,103,259,689,34.790001,5.8499999,14.7,39.099998,29.049999,11.68,20.08,74542.6884674101,632447.647107183,1110.19612495057,722,39.740002,90298.188,1,0,405052.34,853.80389,13.98,38738.313,461054.94,495.1232,12.879997,22653.719,1,gentrifying
022803,5224,33.380001,1658,137,635,2665,31.74,2.6199999,12.16,51.009998,48.610001,20.33,28.190001,137807,1208700,2254,1931,36.959999,5178,38.84,1145,59,432,3391,22.110001,1.14,8.3400002,65.489998,27.57,9.46,20.049999,73348.5977635601,620658.505061842,1429.41410883749,2603,50.27,90298.188,1,1,588041.5,824.58588,21.040001,64458.402,461054.94,495.1232,12.879997,22653.719,1,gentrifying
022901,4856,35.5,1558,88,353,2710,32.080002,1.8099999,7.27,55.810001,49.060001,12.51,40.139999,88368,1001200,2103,1723,35.48,4965,42.919998,921,83,280,3564,18.549999,1.67,5.6399999,71.779999,23.17,8.3199997,15.84,79460.98132293391,618256.72514097,1476.34836763113,3048,61.48,90298.188,1,0,382943.28,626.65161,25.890001,8907.0186,461054.94,495.1232,12.879997,22653.719,1,gentrifying
022902,2483,28.59,922,102,295,1035,37.130001,4.1100001,11.88,41.68,48.959999,13.11,33.110001,138571,957400,1968,904,36.41,2925,36.509998,608,59,283,1895,20.790001,2.02,9.6800003,64.790001,25.49,12.29,23.65,94963.977341839,487575.954145446,1367.86067615658,1332,45.43,90298.188,0,0,469824.03,600.13934,23.469999,43607.023,461054.94,495.1232,12.879997,22653.719,,non-gentrifiable
022903,3240,35.490002,1069,126,304,1609,32.990002,3.8900001,9.3800001,49.66,52.209999,17.959999,36.619999,117313,1006800,2280,1053,32.5,3942.02501311877,37.34,927.0126,101.0017,443.0037,2345.006,23.52,2.5599999,11.24,59.490002,29.52,9.3100004,20.110001,78903.98171918061,473612.52166231,1362.93372875393,1663.00639763056,42.189999,90298.188,1,0,533187.5,917.06628,22.689999,38409.02,461054.94,495.1232,12.879997,22653.719,1,gentrifying
023001,5398,21.290001,263,598,3988,414,4.8699999,11.08,73.879997,7.6700001,20.459999,6.4499998,13.87,75223,731900,1299,3036,56.240002,5083,23.73,369,1178,2645,747,7.2600002,23.18,52.040001,14.7,11.41,6.0999999,12.51,80665.7660998814,392076.188121248,1044.81327709679,2589,50.93,90298.188,1,0,339823.81,254.18672,9.0499992,-5442.7661,461054.94,495.1232,12.879997,22653.719,0,non-gentrifying
023003,4084,22.280001,329,862,2031,823,8.0600004,21.110001,49.73,20.15,31.200001,10.84,20.799999,91845,787100,1950,1742,42.650002,4028,22.42,268,1499,1439,655,6.6500001,37.209999,35.720001,16.26,13.44,13.14,16.940001,85292.5328221977,377427.28353995,1417.05897305541,1661,42.43,90298.188,1,0,409672.72,532.94104,17.760002,6552.4673,461054.94,495.1232,12.879997,22653.719,1,gentrifying
023102,4549,28.67,239,2335,602,945,5.25,51.330002,13.23,20.77,19.1,7.8800001,15.18,37981,721900,636,1166,25.629999,3600,21.25,135,2585,404,321,3.75,71.809998,11.22,8.9200001,14.56,13.94,14.5,43132.9875167191,323074.970258485,458.577873714097,534,14.9,90298.188,1,1,398825.03,177.42212,4.54,-5151.9873,461054.94,495.1232,12.879997,22653.719,0,non-gentrifying
023103,2890,20.690001,105,1470,334,653,3.6300001,50.869999,11.56,22.6,14.13,17.209999,17.629999,24474,606900,712,414,14.33,4649,25.1,112,3377,101,271,2.4100001,72.639999,2.1700001,5.8299999,4.1399999,10.68,17.76,25809.0532740804,428471.630407394,605.218663503361,430,9.2299995,90298.188,1,1,178428.38,106.78133,9.9899998,-1335.0532,461054.94,495.1232,12.879997,22653.719,0,non-gentrifying
023200,3972,23.24,403,1085,672,1734,10.15,27.32,16.92,43.66,28.73,20.01,16.68,81958,776800,1395,1698,42.75,4490,24.59,187,2577,489,1011,4.1599998,57.389999,10.89,22.52,9.1000004,10.75,8.75,67940.9716961121,384077.511185514,1175.12734102592,1015,22.610001,90298.188,1,1,392722.5,219.87267,19.629999,14017.028,461054.94,495.1232,12.879997,22653.719,0,non-gentrifying
023300,3739,19.68,257,530,2005,919,6.8699999,14.17,53.619999,24.58,27.25,11.11,17.110001,60104,714100,1002,2074,55.470001,2591,27.059999,129,428,1511,430,4.98,16.52,58.32,16.6,17.950001,10.08,14.94,88598.6507391484,449398.126012616,1092.61383337896,1544,61.810001,90298.188,1,0,264701.88,-90.613831,9.2999992,-28494.65,461054.94,495.1232,12.879997,22653.719,0,non-gentrifying
023400,3661,25.4,315,656,761,1507,8.6000004,17.92,20.790001,41.16,21.35,11.62,19.99,51971,703600,675,1383,37.779999,3492,25.540001,132,1590,488,886,3.78,45.529999,13.97,25.370001,7.48,8.5900002,14.8,49169.7929453109,306558.489410397,592.266706207987,983,28.15,90298.188,1,1,397041.5,82.733292,13.870001,2801.207,461054.94,495.1232,12.879997,22653.719,0,non-gentrifying
025100,3473,23.18,1726,289,598,582,49.700001,8.3199997,17.219999,16.76,68.790001,28.59,39.849998,159375,1419600,1932,733,21.110001,3249.09064769425,28.190001,1634.034,222.034,482.0036,737.0185,50.290001,6.8299999,14.84,22.68,44.73,17.01,38.880001,107714.525889541,578677.0470291669,1663.60402604644,831.012738465022,25.58,90298.188,0,0,840922.94,268.39597,24.060001,51660.473,461054.94,495.1232,12.879997,22653.719,,non-gentrifiable
025200,5256,22.889999,3249,75,555,1161,61.82,1.4299999,10.56,22.09,68.68,24.09,41.450001,152813,1182800,1937,1206,22.950001,5454,30.34,2785,226,568,1625,51.060001,4.1399999,10.41,29.790001,50.040001,16.18,31.49,109131.5420212,577151.727160539,1737.48587438347,1597,29.280001,90298.188,0,0,605648.25,199.51413,18.639999,43681.457,461054.94,495.1232,12.879997,22653.719,,non-gentrifiable
025300,4454,24.85,2380,40,585,1154,53.439999,.89999998,13.13,25.91,61.389999,29.059999,36.77,138811,1174700,1770,1175,26.379999,4615,32.439999,2005,173,554,1712,43.450001,3.75,12,37.099998,45.759998,14.73,33.970001,97325.9497636478,617695.464131269,1392.49491611591,1653,35.82,90298.188,0,0,557004.56,377.5051,15.630001,41485.051,461054.94,495.1232,12.879997,22653.719,,non-gentrifiable
025401,3775,23.76,2178,43,362,1003,57.700001,1.14,9.5900002,26.57,62.259998,25.93,31.940001,141806,1235200,2103,1027,27.209999,3906,32.099998,1200,219,595,1686,30.719999,5.6100001,15.23,43.16,34.290001,10.09,25.49,78343.0108518687,519426.055174505,1248.80458983484,1609,41.189999,90298.188,1,0,715773.94,854.19543,27.969997,63462.988,461054.94,495.1232,12.879997,22653.719,1,gentrifying
025402,3427,18.15,1180,161,886,1125,34.43,4.6999998,25.85,32.830002,50.389999,22.73,29.200001,136172,1062500,1816,1288,37.580002,3241,26.07,949,239,874,996,29.280001,7.3699999,26.969999,30.73,34.419998,14.18,31.08,101782.582912133,452829.320938362,1422.05276485081,1301,39.599998,90298.188,0,0,609670.69,393.94724,15.970001,34389.418,461054.94,495.1232,12.879997,22653.719,,non-gentrifiable
025403,4782,16.23,1294,417,1307,1588,27.059999,8.7200003,27.33,33.209999,42.380001,24.940001,25.459999,108698,1030500,1708,1659,34.689999,4487,29.33,1038,558,1138,1568,23.129999,12.44,25.360001,34.950001,25.57,10.21,18.620001,79842.0841816116,481764.419277483,1231.1803084223,1952,43.93,90298.188,1,0,548735.56,476.8197,16.810001,28855.916,461054.94,495.1232,12.879997,22653.719,1,gentrifying
025500,9684,22.4,2092,135,4085,3017,21.6,1.39,42.18,31.15,42.41,18.780001,20.540001,117745,990200,2082,4441,45.860001,7518.07521607101,25.67,1863.033,86.00255,3109.023,2209.014,24.780001,1.14,41.349998,29.379999,27.73,6.48,22.07,89862.69466331269,476796.707883861,1756.71278159157,3937.02592666099,52.369999,90298.188,1,0,513403.28,325.28723,14.68,27882.305,461054.94,495.1232,12.879997,22653.719,1,gentrifying
025600,5314,17.01,787,90,3074,1131,14.81,1.6900001,57.849998,21.280001,27.719999,12.07,18.4,92813,848600,1560,2545,47.889999,5705,25.309999,899,146,2918,1518,15.76,2.5599999,51.150002,26.610001,23.15,11.01,15.71,99580.1890135299,444661.839515539,1784.12746515421,3256,57.07,90298.188,0,0,403938.16,-224.12747,4.5699997,-6767.189,461054.94,495.1232,12.879997,22653.719,,non-gentrifiable
025701,5088,14.64,549,70,2989,1408,10.79,1.38,58.75,27.67,30.790001,7.0900002,23.049999,89375,875600,1924,2436,47.880001,4857,25.719999,783.7779,182.2494,2609.959,1114.566,16.139999,3.75,53.740002,22.950001,15.64,7.8099999,12.13,79916.7437760858,472911.416819457,1345.28760067428,2895.44832447674,59.610001,90298.188,1,0,402688.59,578.7124,15.150001,9458.2559,461054.94,495.1232,12.879997,22653.719,1,gentrifying
025702,4401,20.700001,408,25,2728,1120,9.2700005,.56999999,61.990002,25.450001,19.51,14.18,15.97,75385,921200,1838,2744,62.349998,4364,25.719999,704.2221,163.7506,2345.041,1001.434,16.139999,3.75,53.740002,22.950001,15.64,7.8099999,12.13,79916.743776086,472911.416819457,1345.28760067428,2601.55167552326,59.610001,90298.188,1,0,448288.59,492.7124,3.8699999,-4531.7437,461054.94,495.1232,12.879997,22653.719,0,non-gentrifying
025800,2224,21.9,296,154,1096,642,13.31,6.9200001,49.279999,28.870001,31.389999,14.54,26.52,93750,856300,1700,1075,48.34,1871,25.76,228,231,913,423,12.19,12.35,48.799999,22.610001,22.23,6.4099998,15.15,70873.7489708513,413637.568575876,1259.00812117894,815,44.830002,90298.188,1,1,442662.44,440.99188,9.1599998,22876.252,461054.94,495.1232,12.879997,22653.719,0,non-gentrifying
025900,4618,25.790001,1204,434,2092,781,26.07,9.3999996,45.299999,16.91,36.02,17.82,25.57,105875,850000,2030,1690,36.599998,4278,22.440001,923,542,1907,739,21.58,12.67,44.580002,17.27,26.23,13.47,19.65,108733.423626539,468425.940418578,1693.93630316895,1898,43.82,90298.188,0,0,381574.06,336.06369,9.7900009,-2858.4236,461054.94,495.1232,12.879997,22653.719,,non-gentrifiable
026001,5986,21.42,644,120,2070,2950,10.76,2,34.580002,49.279999,25.360001,13.87,14.98,77534,831100,1711,2990,49.950001,5549,27.969999,755,88,2018,2526,13.61,1.59,36.369999,45.52,16.16,8.4399996,9.3400002,78493.8579871042,449425.396569509,1351.34214539908,3243,58.439999,90298.188,1,0,381674.59,359.65787,9.2000008,-959.85797,461054.94,495.1232,12.879997,22653.719,0,non-gentrifying
026002,3644,20.639999,857,172,1408,1045,23.52,4.7199998,38.639999,28.68,45.389999,17.219999,25.530001,119116,874600,2519,1373,37.68,3680,22.200001,1079,169,1161,1161,29.32,4.5900002,31.549999,31.549999,25.059999,16.57,9.0600004,84235.7409145139,439019.268761807,1888.51827313798,1653,44.919998,90298.188,1,0,435580.72,630.48175,20.33,34880.258,461054.94,495.1232,12.879997,22653.719,1,gentrifying
026003,5126,23.35,788,55,2112,2089,15.37,1.0700001,41.200001,40.75,27.940001,10.9,19.27,95595,831000,1735,2664,51.970001,4826,26.42,846,110,1776,1914,17.530001,2.28,36.799999,39.66,19.469999,7.6999998,15.85,93787.1998260605,449169.977813164,1530.85503612639,2629,54.48,90298.188,0,0,381830.03,204.14496,8.4700012,1807.8002,461054.94,495.1232,12.879997,22653.719,,non-gentrifiable
026004,4649,17.469999,603,96,1907,1844,12.97,2.0599999,41.02,39.66,24.290001,9.1599998,20.33,90625,856900,1708,2053,44.16,4010,27.780001,670,77,1625,1493,16.709999,1.92,40.52,37.23,17.809999,10.2,12.29,80079.85813131811,449855.688387845,1646.95375112114,2190,54.610001,90298.188,1,0,407044.31,61.046249,6.4800014,10545.142,461054.94,495.1232,12.879997,22653.719,0,non-gentrifying
026100,7455,29.01,537,94,4652,1898,7.1999998,1.26,62.400002,25.459999,30.129999,11.87,19.790001,99283,848500,1812,4335,58.150002,5995,25.870001,925,75,3383,1445,15.43,1.25,56.43,24.1,22.73,10.29,18.08,88954.9277759066,457153.039555022,1490.00022343555,3644,60.779999,90298.188,1,0,391346.97,321.99979,7.3999996,10328.072,461054.94,495.1232,12.879997,22653.719,0,non-gentrifying
026200,7903,20.16,377,84,5016,2244,4.77,1.0599999,63.470001,28.389999,18.379999,7.3899999,11.51,80784,816900,1493,5211,65.940002,6992,27.559999,832,179,3712,2082,11.9,2.5599999,53.09,29.780001,22.139999,8.4399996,17.450001,97968.5385000237,453627.519165189,1580.63831455938,4455,63.720001,90298.188,0,0,363272.47,-87.638313,-3.7600002,-17184.539,461054.94,495.1232,12.879997,22653.719,,non-gentrifiable
026301,5083,21.17,591,45,3319,1111,11.63,.88999999,65.300003,21.860001,25.459999,12.86,22.120001,71182,805200,1478,2939,57.82,4410,25.440001,552,34,2564,1150,12.52,.76999998,58.139999,26.08,21.08,9.5100002,16.450001,76781.277113816,466629.287919048,1504.92609036152,2644,59.950001,90298.188,1,0,338570.72,-26.92609,4.3799992,-5599.2773,461054.94,495.1232,12.879997,22653.719,0,non-gentrifying
026302,5255,25.370001,609,168,3070,1244,11.59,3.2,58.419998,23.67,24.17,11.76,21.98,88339,807100,1618,3087,58.740002,4354.83363787142,22.85,882.9663,98.99621999999999,2080.921,1066.959,20.280001,2.27,47.779999,24.5,21.209999,14.26,18.68,91530.63369211819,449308.019291793,1444.86899466192,2187.91641783299,50.240002,90298.188,0,0,357791.97,173.13101,2.960001,-3191.6338,461054.94,495.1232,12.879997,22653.719,,non-gentrifiable
026303,4822,21.440001,666,33,2771,1332,13.81,.68000001,57.470001,27.620001,32.040001,13.58,21.9,94286,847600,2033,2744,56.91,4529,24.35,616,60,2417,1230,13.6,1.3200001,53.369999,27.16,23.719999,9.9300003,14.34,79904.7738521196,486793.412759418,1387.0206405694,2584,57.049999,90298.188,1,0,360806.59,645.97937,8.3200016,14381.227,461054.94,495.1232,12.879997,22653.719,0,non-gentrifying
026401,3738,20.790001,127,359,2706,431,3.4000001,9.6000004,72.389999,11.53,22.84,14.08,12.83,78891,672100,1851,1800,48.150002,3733,24.4,227,453,2377,549,6.0799999,12.14,63.68,14.71,14.21,5.0999999,10.6,81996.023800515,340645.510855098,1396.21048775382,2143,57.41,90298.188,1,0,331454.5,454.78952,8.6300001,-3105.0237,461054.94,495.1232,12.879997,22653.719,0,non-gentrifying
026402,5102,29.639999,458,395,2361,1600,8.9799995,7.7399998,46.279999,31.360001,20.68,12.58,16.120001,83824,812900,2421,2424,47.509998,4109,25.889999,485,596,2067,812,11.8,14.5,50.299999,19.76,19.540001,5.1599998,14.9,92353.32583810321,398447.726903673,1165.17991300909,1997,48.599998,90298.188,0,0,414452.28,1255.8201,1.1399994,-8529.3262,461054.94,495.1232,12.879997,22653.719,,non-gentrifiable
026403,4082,23.790001,308,137,2616,988,7.5500002,3.3599999,64.089996,24.200001,14.83,10.5,7.9899998,80250,814800,1459,2426,59.43,4111.32219463551,26.34,333.9449,313.9482,2765.544,522.9138,8.1199999,7.6399999,67.269997,12.72,12.67,8.4700003,10.94,77451.7442427959,390346.31627925,1298.68852085044,2530.58280024866,63.790001,90298.188,1,0,424453.69,160.31148,2.1599998,2798.2559,461054.94,495.1232,12.879997,22653.719,0,non-gentrifying
026404,2897,23.959999,103,331,1465,718,3.5599999,11.43,50.57,24.780001,19.73,11.62,12.95,59018,721700,1377,1635,56.439999,2287.67780536448,27.68,91.05506,544.0518,896.4559,632.0862,3.98,23.780001,39.189999,27.629999,21.540001,6.48,14.92,81155.30447192219,375274.243315636,1503.70520225512,1283.41719975134,52.779999,90298.188,1,0,346425.75,-126.7052,-1.8100014,-22137.305,461054.94,495.1232,12.879997,22653.719,0,non-gentrifying
030101,5048,45.779999,2929,66,1318,432,58.02,1.3099999,26.110001,8.5600004,77.290001,24.73,49.380001,130050,1162300,2335,1164,23.059999,4475,49.470001,2867,116,1053,262,64.07,2.5899999,23.530001,5.8499999,71.019997,15.92,48.59,94507.9945330542,789222.733244378,1583.07903321471,1164,26.01,90298.188,0,0,373077.28,751.92096,6.2700043,35542.004,461054.94,495.1232,12.879997,22653.719,,non-gentrifiable
030102,5262,34.419998,3381,86,1211,399,64.25,1.63,23.01,7.5799999,83.050003,33,46.18,139203,1845500,2795,1171,22.25,4797,34.540001,3155,129,1057,258,65.769997,2.6900001,22.030001,5.3800001,71.059998,23.799999,50.049999,113237.226237899,934127.4995114231,1635.37887972052,1210,25.219999,90298.188,0,0,911372.5,1159.6211,11.990005,25965.773,461054.94,495.1232,12.879997,22653.719,,non-gentrifiable
030201,4529,31.82,2031,144,1605,401,44.84,3.1800001,35.439999,8.8500004,69.470001,21.74,46.349998,117663,1174500,2083,1360,30.030001,3980,35.700001,2244,51,1231,257,56.380001,1.28,30.93,6.46,49.110001,15.8,41.32,83209.8210012878,644985.5339406891,1455.86809837567,1478,37.139999,90298.188,1,0,529514.44,627.1319,20.360001,34453.18,461054.94,495.1232,12.879997,22653.719,1,gentrifying
030202,4438,36.619999,2297,89,1459,468,51.759998,2.01,32.880001,10.55,80.099998,28.01,44.959999,128417,1250000,2033,1180,26.59,4454,44.950001,2565,92,1294,304,57.59,2.0699999,29.049999,6.8299999,61.82,22.27,41.799999,90397.12678117761,831754.704126221,1507.81055927709,1310,29.41,90298.188,0,0,418245.28,525.18945,18.279999,38019.875,461054.94,495.1232,12.879997,22653.719,,non-gentrifiable
030301,5914,27.26,2322,124,2604,441,39.259998,2.0999999,44.029999,7.46,75.029999,30.25,46.09,152900,1526700,2509,2163,36.57,5886,30.780001,3016,93,2284,287,51.240002,1.58,38.799999,4.8800001,59.290001,16.59,45.630001,104885.046667978,759152.390416485,1786.5840337686,1917,32.57,90298.188,0,0,767547.63,722.41595,15.739998,48014.953,461054.94,495.1232,12.879997,22653.719,,non-gentrifiable
030302,4348,25.41,1451,214,2003,429,33.369999,4.9200001,46.07,9.8699999,73.25,26.24,37.34,146111,1242200,2311,1323,30.43,3471,20.4,1644,34,1526,127,47.360001,.98000002,43.959999,3.6600001,53.240002,19.120001,38.540001,127981.923912037,689278.487212869,1851.3661096498,1195,35.639999,90298.188,0,0,552921.5,459.63388,20.009998,18129.076,461054.94,495.1232,12.879997,22653.719,,non-gentrifiable
030400,5573,21.120001,2726,51,1962,479,48.91,.92000002,35.209999,8.6000004,69.360001,23.549999,39.529999,163942,1495600,2218,1289,23.129999,5177,19.92,2802,51,1918,223,54.119999,.99000001,37.049999,4.3099999,59.779999,22.6,34.290001,133111.122834855,840955.070492269,1807.43710760061,1888,36.470001,90298.188,0,0,654644.94,410.5629,9.5800018,30830.877,461054.94,495.1232,12.879997,22653.719,,non-gentrifiable
030500,3230,13.44,1478,210,963,342,45.759998,6.5,29.809999,10.59,56.950001,22.219999,52.880001,151696,1233100,,887,27.459999,3374,12.06,1834,389,743,265,54.360001,11.53,22.02,7.8499999,48.540001,19.309999,40.25,120156.956806436,632758.168216816,1134.7849940688,627,18.780001,90298.188,0,0,600341.81,,8.4099998,31539.043,461054.94,495.1232,12.879997,22653.719,,non-gentrifiable
030600,2495,12.46,1251,54,646,339,50.139999,2.1600001,25.889999,13.59,70.019997,32.560001,32.400002,179228,1556300,3016,502,20.120001,2132,16.23,1407,19,498,143,65.989998,.88999999,23.360001,6.71,57.75,26.450001,34.43,165307.433965331,783535.216851694,1887.39154380613,522,24.08,90298.188,0,0,772764.81,1128.6084,12.269997,13920.566,461054.94,495.1232,12.879997,22653.719,,non-gentrifiable
030700,7024,13.33,3758,250,1945,715,53.5,3.5599999,27.690001,10.18,65.68,28.6,39.380001,168828,1203000,3460,1663,23.68,6367,16.870001,3756,275,1543,479,58.990002,4.3200002,24.23,7.52,57.029999,24.440001,37.200001,131408.601549233,687168.284027362,2489.78110021314,1273,19.99,90298.188,0,0,515831.72,970.21887,8.6500015,37419.398,461054.94,495.1232,12.879997,22653.719,,non-gentrifiable
030800,6226,15.69,3285,277,2113,395,52.759998,4.4499998,33.939999,6.3400002,72.690002,23.870001,43.939999,173500,1622200,2324,2054,32.990002,5646,17.5,3436,33,1578,365,60.860001,.57999998,27.950001,6.46,55.040001,24.959999,35.860001,148239.04499589,850344.367762335,1734.04289651804,1806,31.99,90298.188,0,0,771855.63,589.95709,17.650002,25260.955,461054.94,495.1232,12.879997,22653.719,,non-gentrifiable
030900,7103,18.51,3000,128,3163,482,42.240002,1.8,44.529999,6.79,64.32,33.099998,29.719999,177694,1450100,2650,2082,29.309999,6771,15.7,3762,312,2055,433,55.560001,4.6100001,30.35,6.3899999,57.02,28.49,34.599998,164204.996571709,885484.82885542,2594.21666996178,1846,27.26,90298.188,0,0,564615.19,55.783329,7.2999992,13489.004,461054.94,495.1232,12.879997,22653.719,,non-gentrifiable
031000,3804,17.639999,1894,56,1377,348,49.790001,1.47,36.200001,9.1499996,65.540001,33.43,32,138182,1218300,3182,1125,29.57,3556,20.389999,1739,196,1150,337,48.900002,5.5100002,32.34,9.4799995,52.959999,24.950001,33.18,130186.127384034,697068.11312955,1961.3096826809,1183,33.27,90298.188,0,0,521231.88,1220.6903,12.580002,7995.8726,461054.94,495.1232,12.879997,22653.719,,non-gentrifiable
031100,6437,24.27,2848,125,1812,1248,44.240002,1.9400001,28.15,19.389999,64.660004,19.809999,31.27,141843,1106200,2330,1677,26.049999,6277.92478392899,25.059999,2720.967,212.9974,1928.977,1165.986,43.34,3.3900001,30.73,18.57,40.889999,15.96,29.610001,107066.028862636,531519.456315083,1429.4606316726,2163.97407333902,34.470001,90298.188,0,0,574680.56,900.53937,23.770004,34776.973,461054.94,495.1232,12.879997,22653.719,,non-gentrifiable
031201,6690,26.34,1214,215,4080,1047,18.15,3.21,60.990002,15.65,39.099998,12.49,21.84,82222,815400,1498,3395,50.75,5640,27.82,742.9622000000001,984.8568,2884.129,819.3849,13.17,17.459999,51.139999,14.53,22.52,8.1800003,16.52,88360.25922490669,413855.925639521,1480.92552109812,2718.65676917639,48.200001,90298.188,1,0,401544.06,17.074478,16.579998,-6138.2593,461054.94,495.1232,12.879997,22653.719,0,non-gentrifying
031202,3394,27.84,221,556,2009,361,6.5100002,16.379999,59.189999,10.64,33.16,16.34,18.469999,93438,872900,2062,1387,40.869999,2846.9646439137,27.82,375.0332,497.137,1455.853,413.6099,13.17,17.459999,51.139999,14.53,22.52,8.1800003,16.52,88360.25922490659,413855.925639521,1480.92552109812,1372.32618808189,48.200001,90298.188,1,0,459044.06,581.07446,10.639999,5077.7407,461054.94,495.1232,12.879997,22653.719,0,non-gentrifying
031301,4241,21.1,787,572,2284,406,18.559999,13.49,53.860001,9.5699997,45.700001,17.23,30.84,108454,908000,2341,1861,43.880001,3617,24.75,573.3569,1026.75,1561.736,322.844,15.85,28.389999,43.18,8.9300003,24.889999,10.62,20.4,86177.54181544689,450650.291916563,1559.53743319072,1356.65065235947,37.509998,90298.188,1,0,457349.72,781.46259,20.810001,22276.459,461054.94,495.1232,12.879997,22653.719,1,gentrifying
031302,6109,26.4,665,686,3488,1022,10.89,11.23,57.099998,16.73,40.110001,13.31,29.16,85250,726000,2620,2791,45.689999,4584,24.75,726.6431,1301.25,1979.264,409.156,15.85,28.389999,43.18,8.9300003,24.889999,10.62,20.4,86177.5418154466,450650.291916563,1559.53743319072,1719.34934764053,37.509998,90298.188,1,0,275349.72,1060.4625,15.220001,-927.54181,461054.94,495.1232,12.879997,22653.719,1,gentrifying
031400,7096,28.040001,792,788,4040,1274,11.16,11.1,56.93,17.950001,28.120001,14.89,22,84357,809600,1774,3314,46.700001,6112.0353560863,25.83,585.0047,1813.006,2275.018,1181.005,9.5699997,29.66,37.220001,19.32,22.459999,8.1999998,12.44,87853.0531834264,418904.934415613,1504.74819090198,2487.01704274173,40.689999,90298.188,1,0,390695.06,269.2518,5.6600018,-3496.0532,461054.94,495.1232,12.879997,22653.719,0,non-gentrifying
032601,5211,31.799999,1633,181,2443,584,31.34,3.47,46.880001,11.21,54.509998,24.26,37.060001,120260,1071200,1908,1794,34.43,4391,30.389999,1716.598,50.0079,2300.364,180.6408,39.09,1.14,52.389999,4.1100001,40.93,16,29.15,94042.95418139431,628422.964998043,1526.02615152041,2398.33817547937,53.880001,90298.188,0,0,442777.03,381.97385,13.579998,26217.045,461054.94,495.1232,12.879997,22653.719,,non-gentrifiable
032602,4753,25.139999,1524,14,2852,304,32.060001,.28999999,60,6.4000001,55.18,19.290001,33.950001,108179,1165000,2051,2152,45.279999,4214,30.389999,1647.402,47.9921,2207.636,173.3592,39.09,1.14,52.389999,4.1100001,40.93,16,29.15,94042.95418139439,628422.964998042,1526.02615152041,2301.66182452063,53.880001,90298.188,0,0,536577.06,524.97388,14.25,14136.046,461054.94,495.1232,12.879997,22653.719,,non-gentrifiable
032700,6898,27.040001,2538,31,3391,471,36.790001,.44999999,49.16,6.8299999,61.740002,24.700001,33.07,131270,1153500,2481,3002,43.52,6498,25.67,2679,64,3218,270,41.23,.98000002,49.52,4.1599998,42.650002,17.5,28.67,91645.02718433119,609031.270171695,1830.00451900808,3019,46.459999,90298.188,0,0,544468.75,650.99548,19.09,39624.973,461054.94,495.1232,12.879997,22653.719,,non-gentrifiable
032801,4401,27.969999,1036,127,2708,359,23.540001,2.8900001,61.529999,8.1599998,49.200001,21.440001,30.07,111250,1050400,2397,2042,46.400002,4258,27.959999,1497.773,47.69978,2406.189,165.3592,35.18,1.12,56.509998,3.8800001,41.509998,18.43,25.889999,94108.54859408049,588198.7788834349,1753.51211659041,2085.01020662186,48.970001,90298.188,0,0,462201.22,643.48785,7.6900024,17141.451,461054.94,495.1232,12.879997,22653.719,,non-gentrifiable
032802,4432,28.41,1293,33,2506,361,29.17,.74000001,56.540001,8.1499996,52.560001,20.91,29.309999,116473,1096700,2931,1761,39.73,3776,27.959999,1328.227,42.30022,2133.811,146.6408,35.18,1.12,56.509998,3.8800001,41.509998,18.43,25.889999,94108.54859408049,588198.778883434,1753.51211659041,1848.98979337814,48.970001,90298.188,0,0,508501.22,1177.4879,11.050003,22364.451,461054.94,495.1232,12.879997,22653.719,,non-gentrifiable
032901,5615,22.85,1264,13,3717,383,22.51,.23,66.199997,6.8200002,52.830002,24.690001,30.780001,128681,1035800,2287,2754,49.049999,4848,22.860001,1614.662,25.81164,2905.817,178.3871,33.310001,.52999997,59.939999,3.6800001,38.73,20.26,26.27,101250.045743549,583035.911128027,2106.66976407012,2472.75532418363,51.009998,90298.188,0,0,452764.09,180.33023,14.100002,27430.955,461054.94,495.1232,12.879997,22653.719,,non-gentrifiable
032902,4457,23.200001,1216,0,3019,137,27.280001,0,67.739998,3.0699999,46.700001,23.889999,29.719999,106307,978600,2655,2290,51.380001,3604,22.860001,1200.338,19.18836,2160.183,132.6129,33.310001,.52999997,59.939999,3.6800001,38.73,20.26,26.27,101250.045743549,583035.911128027,2106.66976407012,1838.24467581637,51.009998,90298.188,0,0,395564.09,548.33026,7.9700012,5056.9541,461054.94,495.1232,12.879997,22653.719,,non-gentrifiable
033000,8127,27.4,3011,60,3894,678,37.049999,.74000001,47.91,8.3400002,55.459999,25.02,32.610001,127219,1140600,2404,2721,33.48,7496,22.75,3324,99,3409,408,44.34,1.3200001,45.48,5.4400001,39.57,15.24,30.780001,108290.892544021,612680.114005158,1888.608929521,3203,43.360001,90298.188,0,0,527919.88,515.39105,15.889999,18928.107,461054.94,495.1232,12.879997,22653.719,,non-gentrifiable
033100,3895,16.709999,1452,17,1973,165,37.279999,.44,50.650002,4.2399998,56.939999,22.23,36.91,120508,1289600,2461,1637,42.029999,3739,16.639999,1858,15,1610,166,49.689999,.40000001,43.060001,4.4400001,50.759998,18.940001,35.43,117753.226704615,771759.530021361,2978.95017793594,1201,32.119999,90298.188,0,0,517840.47,-517.9502,6.1800003,2754.7732,461054.94,495.1232,12.879997,22653.719,,non-gentrifiable
033201,4551,86.110001,1342,322,994,1618,29.49,7.0799999,21.84,35.549999,55.759998,6.4000001,18.42,35377,,1759,593,13.03,3075,73.040001,1462,199,859,345,47.540001,6.4699998,27.93,11.22,50.860001,10.92,22.17,50241.7120538389,0,1854.06339764517,1018,31.969999,90298.188,1,1,,-95.0634,4.8999977,-14864.712,461054.94,495.1232,12.879997,22653.719,0,non-gentrifying
033203,3956,47.950001,1796,134,1220,615,45.400002,3.3900001,30.84,15.55,57.299999,16.950001,28.24,54861,1502500,2240,1893,47.849998,3384,36.299999,1497.11,200.9512,1215.032,257.3668,44.240002,5.9400001,35.91,7.6100001,51.32,17.25,34.099998,71453.9341411265,14058.8285883749,1633.9378447285,1696.66244144393,50.139999,90298.188,1,1,1488441.1,606.06213,5.9799995,-16592.934,461054.94,495.1232,12.879997,22653.719,0,non-gentrifying
033204,4698,54.380001,1381,398,1420,1020,29.4,8.4700003,30.23,21.709999,51.93,13.45,22.26,73250,,2045,2039,43.400002,3874,36.299999,1713.89,230.0488,1390.968,294.6332,44.240002,5.9400001,35.91,7.6100001,51.32,17.25,34.099998,71453.9341411263,14058.8285883748,1633.9378447285,1942.33755855607,50.139999,90298.188,1,1,,411.06216,.61000061,1796.0659,461054.94,495.1232,12.879997,22653.719,0,non-gentrifying
035100,9116,22.43,2737,126,4605,691,30.02,1.38,50.52,7.5799999,55.419998,18.51,41.290001,142859,1101200,2355,3776,41.419998,7756,26.290001,2839,74,4226,354,36.599998,.94999999,54.490002,4.5599999,38.84,17.959999,26.49,97191.4863855424,525327.304072822,1800.19725693237,3611,46.560001,90298.188,0,0,575872.69,554.80273,16.579998,45667.512,461054.94,495.1232,12.879997,22653.719,,non-gentrifiable
035201,5704,23.530001,2043,34,3061,419,35.82,.60000002,53.66,7.3499999,40.66,19.48,29.16,98485,951900,1901,2247,39.389999,5587,28.190001,1903,133,3014,305,34.060001,2.3800001,53.950001,5.46,37.790001,15.03,23.700001,95663.06460874469,493111.403471941,1474.16757547928,2589,46.34,90298.188,0,0,458788.59,426.83243,2.8699989,2821.9353,461054.94,495.1232,12.879997,22653.719,,non-gentrifiable
035202,5244,29.209999,2114,371,1541,584,40.310001,7.0700002,29.389999,11.14,52.490002,14.93,26.120001,89732,1001700,1942,1546,29.48,4436,34.110001,2021,72,1866,301,45.560001,1.62,42.060001,6.79,39.799999,10.92,26.73,78441.86570202409,529284.7910663499,1418.88983444221,2122,47.84,90298.188,1,0,472415.22,523.11017,12.690002,11290.135,461054.94,495.1232,12.879997,22653.719,0,non-gentrifying
035300,7487,19.129999,2267,0,4321,589,30.280001,0,57.709999,7.8699999,45.23,18.15,26.07,100266,956300,2183,3129,41.790001,7082,24.709999,2377,37,4104,363,33.560001,.51999998,57.950001,5.1300001,34.299999,14.57,21.25,89509.3972435363,496093.138148267,1710.02377871239,3597,50.790001,90298.188,1,0,460206.88,472.97623,10.93,10756.603,461054.94,495.1232,12.879997,22653.719,0,non-gentrifying
035400,7342,16.940001,2521,186,3630,462,34.34,2.53,49.439999,6.29,49.939999,19.85,35.330002,107151,991800,1517,3121,42.509998,6726,25.780001,2325,109,3671,373,34.57,1.62,54.580002,5.5500002,36.32,16.08,22.299999,91755.5286046136,487056.260911811,1436.0668742586,3188,47.400002,90298.188,0,0,504743.75,80.933128,13.619999,15395.472,461054.94,495.1232,12.879997,22653.719,,non-gentrifiable
040100,4560,37.369999,2263,36,1741,350,49.630001,.79000002,38.18,7.6799998,65.330002,26.389999,36.93,110849,1503800,1910,1318,28.9,4348,34.68,2335,74,1570,228,53.700001,1.7,36.110001,5.2399998,56.07,27.889999,28.74,87148.7189019654,1124997.31815565,1436.60224473036,1511,35.77,90298.188,1,0,378802.69,473.39777,9.2600021,23700.281,461054.94,495.1232,12.879997,22653.719,0,non-gentrifying
040200,5600,25.370001,3175,49,1768,381,56.700001,.88,31.57,6.8000002,66.339996,35.25,26.459999,107475,1571400,2137,1800,32.139999,5364,32.349998,2853,58,2025,233,53.189999,1.08,37.75,4.3400002,57.290001,24.120001,33.419998,89004.2773954194,985653.69731493,1622.06989075972,2212,41.240002,90298.188,1,0,585746.31,514.93011,9.0499954,18470.723,461054.94,495.1232,12.879997,22653.719,0,non-gentrifying
042601,4004,24.93,1843,197,1356,338,46.029999,4.9200001,33.869999,8.4399996,65.510002,28.52,31.129999,96382,1302600,1877,1354,33.82,3916,30.030001,2029.793,44.59889,1506.572,193.0806,51.830002,1.14,38.470001,4.9299998,53.720001,18.59,34.290001,95955.3988388693,938846.783405127,1422.33179060719,1598.48944444444,40.82,90298.188,0,0,363753.22,454.66821,11.790001,426.60117,461054.94,495.1232,12.879997,22653.719,,non-gentrifiable
042602,2861,20.59,1495,36,992,139,52.25,1.26,34.669998,4.8600001,72.089996,21.01,40.32,130742,1503700,2177,731,25.549999,3284,30.030001,1702.207,37.40111,1263.428,161.9194,51.830002,1.14,38.470001,4.9299998,53.720001,18.59,34.290001,95955.3988388693,938846.783405125,1422.3317906072,1340.51055555556,40.82,90298.188,0,0,564853.19,754.66821,18.369995,34786.602,461054.94,495.1232,12.879997,22653.719,,non-gentrifiable
042700,5379,24.469999,2060,351,2337,433,38.299999,6.5300002,43.450001,8.0500002,57.860001,20.51,32.98,93250,1216600,1833,2193,40.77,5513,30.58,2729,68,2276,255,49.5,1.23,41.279999,4.6300001,48.939999,19.559999,29.59,92605.1084181203,842187.4883258831,1327.1396373496,2847,51.639999,90298.188,0,0,374412.5,505.86035,8.920002,644.8916,461054.94,495.1232,12.879997,22653.719,,non-gentrifiable
042800,2507,9.3699999,1705,0,462,104,68.010002,0,18.43,4.1500001,84.589996,31.879999,42.23,169455,2000001,2484,431,17.190001,2451,15.22,1873,11,431,76,76.419998,.44999999,17.58,3.0999999,72.690002,29.459999,36.75,222027.040950005,1488732.21233689,1706.51341933571,516,20.040001,90298.188,0,0,511268.78,777.48657,11.899994,-52572.039,461054.94,495.1232,12.879997,22653.719,,non-gentrifiable
045100,5126,37.380001,2321,142,1954,583,45.279999,2.77,38.119999,11.37,68.309998,23.59,37.779999,141912,1325000,2189,1448,28.25,5102,34.93,2057,123,2542,208,40.32,2.4100001,49.82,4.0799999,41.599998,21.969999,25.15,84754.268506042,789773.515092873,1443.71620777923,2348,46.02,90298.188,1,0,535226.5,745.28381,26.709999,57157.73,461054.94,495.1232,12.879997,22653.719,1,gentrifying
045200,7286,35.48,3193,197,2905,519,43.82,2.7,39.869999,7.1199999,67.449997,24.49,31.940001,115292,1667600,1998,2167,29.74,6695,31.92,2967,86,3124,287,44.32,1.28,46.66,4.29,51.110001,17.77,32.07,80074.320486339,806062.884763826,1492.69536478454,2576,38.48,90298.188,1,0,861537.13,505.30463,16.339996,35217.68,461054.94,495.1232,12.879997,22653.719,1,gentrifying
047600,5670,26.84,2211,26,2439,381,38.990002,.46000001,43.02,6.7199998,61.990002,22.860001,34.98,113944,1348100,2338,1732,30.549999,5431,29,2265,81,2684,202,41.709999,1.49,49.419998,3.72,48.939999,19.25,34.59,95037.1058191448,786224.614176264,1551.66785844946,2296,42.279999,90298.188,0,0,561875.38,786.33215,13.050003,18906.895,461054.94,495.1232,12.879997,22653.719,,non-gentrifiable
047701,4569,28.610001,1797,0,2070,324,39.330002,0,45.310001,7.0900002,60.689999,18.110001,37.619999,88846,1159500,1723,1656,36.240002,4618,29.51,1910,53,2225,258,41.360001,1.15,48.18,5.5900002,44.509998,17.549999,24.74,76046.3450568944,749878.451448873,1479.64946619217,2321,50.259998,90298.188,1,0,409621.56,243.35054,16.18,12799.655,461054.94,495.1232,12.879997,22653.719,0,non-gentrifying
047702,3927,23.17,1567,23,2012,204,39.900002,.58999997,51.240002,5.1900001,54.700001,24.57,28.299999,114205,1238900,1721,1371,34.91,3946,29.4,1580,55,2030,152,40.040001,1.39,51.439999,3.8499999,39.849998,16.639999,28.85,90320.9463360317,723227.9077372,1474.87407610183,1732,43.889999,90298.188,0,0,515672.09,246.12593,14.850002,23884.053,461054.94,495.1232,12.879997,22653.719,,non-gentrifiable
047801,4421,23.950001,1674,88,2027,251,37.860001,1.99,45.849998,5.6799998,54.98,20.200001,34.380001,106016,1243700,2018,1456,32.93,4173,28.09,1763.624,49.30217,2021.389,173.0935,42.259998,1.1799999,48.439999,4.1500001,43.310001,17.440001,27.07,89185.5233620412,678220.887620799,1487.24199288256,2027.81969949917,47.610001,90298.188,1,0,565479.13,530.758,11.669998,16830.477,461054.94,495.1232,12.879997,22653.719,0,non-gentrifying
047802,3869,32.540001,1565,20,1733,388,40.450001,.51999998,44.790001,10.03,59.990002,28.030001,26.549999,96496,1469300,1901,1324,34.220001,3614,28.09,1527.376,42.69783,1750.611,149.9065,42.259998,1.1799999,48.439999,4.1500001,43.310001,17.440001,27.07,89185.52336204139,678220.887620799,1488.73072360617,1756.18030050083,47.610001,90298.188,1,0,791079.13,412.26929,16.68,7310.4766,461054.94,495.1232,12.879997,22653.719,1,gentrifying
047901,7589,22.4,2962,124,3734,365,39.029999,1.63,49.200001,4.8099999,48.490002,25.09,27.889999,99917,1103400,1850,2593,34.169998,6540,27.65,2846,182,2950,267,43.52,2.78,45.110001,4.0799999,43.630001,17.690001,30.98,97538.4751902757,624121.1609775861,1432.94249859524,2866,43.82,90298.188,0,0,479278.84,417.0575,4.8600006,2378.5249,461054.94,495.1232,12.879997,22653.719,,non-gentrifiable
047902,3632,25.190001,1661,0,1435,181,45.73,0,39.509998,4.98,64.57,20.52,35.380001,108850,1228700,2142,1253,34.5,3539,27.040001,1716,39,1511,147,48.490002,1.1,42.700001,4.1500001,49.290001,19.059999,33.23,93379.0523083414,627490.395856523,1642.8978337269,1355,40.110001,90298.188,0,0,601209.63,499.10217,15.279999,15470.947,461054.94,495.1232,12.879997,22653.719,,non-gentrifiable
060100,4226,39.52,2910,89,355,588,68.860001,2.1099999,8.3999996,13.91,84.18,29.459999,30,208000,2000001,3364,465,11,2234,58.549999,1603,102,168,211,71.75,4.5700002,7.52,9.4399996,74.900002,21.110001,29.469999,109790.092883282,1488732.21233689,2465.57905988377,198,8.8000002,90298.188,0,0,511268.78,898.42096,9.2799988,98209.906,461054.94,495.1232,12.879997,22653.719,,non-gentrifiable
060400,1596,25.75,814,83,407,167,51,5.1999998,25.5,10.46,57.32,23.9,34.68,69182,880000,1765,576,36.09,1517.29771523476,38.869999,835.6132,105.951,393.8177,115.9463,55.07,6.98,25.959999,7.6399999,57.060001,22.49,30.41,84408.9850649806,655547.415727908,1640.86523495087,589.727043470691,39.919998,90298.188,1,0,224452.58,124.13477,.25999832,-15226.985,461054.94,495.1232,12.879997,22653.719,0,non-gentrifying
060502,3511,23.469999,96,951,1170,923,2.73,27.09,33.32,26.290001,13.1,8.7700005,9.7799997,29471,732500,395,1186,33.779999,3416,26.76,99,1544,614,645,2.9000001,45.200001,17.969999,18.879999,12.32,5.6500001,10.02,27332.1017017457,372761.977156768,320.431133003501,963,28.379999,90298.188,1,1,359738.03,74.568871,.78000069,2138.8982,461054.94,495.1232,12.879997,22653.719,0,non-gentrifying
060700,13222,42.700001,4862,294,5931,1666,36.77,2.22,44.860001,12.6,68.139999,27.450001,46.23,161496,914700,3131,5382,40.700001,653.003685045247,36.389999,353.5493,67.61872,158.421,45.40114,54.139999,10.36,24.26,6.9499998,46.889999,28.379999,39.529999,52097.7770933359,146008.926225021,953.680901542112,250.18928169633,43.529999,90298.188,1,1,768691.06,2177.3191,21.25,109398.23,461054.94,495.1232,12.879997,22653.719,1,gentrifying
061000,4839,22.32,572,728,2905,451,11.82,15.04,60.029999,9.3199997,42.939999,15.13,19.68,80500,832500,2895,2437,50.360001,2400,24.459999,250,443,1298,309,10.42,18.459999,54.080002,12.88,18.4,11.84,11.18,94449.7861498033,445272.142448492,1413.54982206406,1158,45.549999,90298.188,0,0,387227.84,1481.4502,24.539999,-13949.786,461054.94,495.1232,12.879997,22653.719,,non-gentrifiable
061100,4477,15.03,133,10,4198,8,2.97,.22,93.769997,.18000001,12.37,4.8499999,13,20373,992200,584,3552,79.339996,3934,13.04,198,61,3544,71,5.0300002,1.55,90.089996,1.8,7.6300001,5,6.5599999,22294.7916286947,1195645.15363728,476.266998349868,3207,81.519997,90298.188,1,1,-203445.16,107.733,4.7399998,-1921.7916,461054.94,495.1232,12.879997,22653.719,0,non-gentrifying
061200,3842,25.27,308,1074,1129,1248,8.0200005,27.950001,29.389999,32.48,21.969999,10.88,21.610001,67625,759300,1255,1456,37.900002,3561,26.120001,197,1674,644,894,5.5300002,47.009998,18.08,25.110001,9.5299997,9.7200003,6.6500001,55099.9604576951,341860.563141601,999.5896352313169,1060,28.91,90298.188,1,1,417439.44,255.41037,12.44,12525.039,461054.94,495.1232,12.879997,22653.719,0,non-gentrifying
061400,6283,30.43,2478,613,1394,1385,39.439999,9.7600002,22.190001,22.040001,62.849998,28.379999,39.529999,135638,1110800,1522,1407,22.389999,5174,32.619999,2257.585,1457.112,421.0887,652.0527,43.630001,28.16,8.1400003,12.6,51.419998,22.9,33.849998,80674.97100896901,617975.982202131,915.834149961112,766.017811704835,14.81,90298.188,1,0,492824.03,606.16583,11.43,54963.027,461054.94,495.1232,12.879997,22653.719,1,gentrifying
061500,16968,42.349998,7579,298,7295,1134,44.669998,1.76,42.990002,6.6799998,79.669998,47.240002,31.629999,208425,1226500,2848,6733,39.68,5965.21965321177,46.119999,3794.519,531.4162,964.6596,410.6246,63.610001,8.9099998,16.17,6.8800001,65.610001,36.779999,33.400002,118390.338920053,656738.742890724,2437.25607218035,1428.89693401025,24.790001,90298.188,0,0,569761.25,410.74393,14.059998,90034.664,461054.94,495.1232,12.879997,22653.719,,non-gentrifiable
980200,312,2.5599999,146,50,105,11,46.790001,16.030001,33.650002,3.53,61.740002,50.77,30.77,154167,857100,2342,126,40.380001,231,12.12,148,21,37,19,64.07,9.0900002,16.02,8.2299995,24.02,4.6399999,60.310001,156321.058233599,1.48873072360617,2033.02130994747,7,1.28,90298.188,0,0,857098.5,308.9787,37.720001,-2154.0583,461054.94,495.1232,12.879997,22653.719,,non-gentrifiable
980300,63,58.73,58,0,5,0,92.059998,0,7.9400001,0,93.650002,18.639999,38.98,139375,,2225,5,7.9400001,137,50.360001,91,10,7,26,66.419998,7.3000002,5.1100001,18.98,59.700001,10,21.67,32550.643346815,0,1632.8894820087,0,0,90298.188,1,1,,592.11053,33.950001,106824.36,461054.94,495.1232,12.879997,22653.719,1,gentrifying
980401,0,,0,0,0,0,,,,,,,,,,,0,,0,,0,0,0,0,,,,,,,,0,0,0,0,,90298.188,1,1,,,,,461054.94,495.1232,12.879997,22653.719,1,gentrifying
980501,507,16.17,0,114,258,101,0,22.49,50.889999,19.92,8.9200001,3.2,29.6,12340,708300,280,257,50.689999,412,20.389999,16,65,221,89,3.8800001,15.78,53.639999,21.6,14.29,14.29,19.58,102905.117582037,1.48873072360617,1271.80825010523,178,49.860001,90298.188,0,0,708298.5,-991.80823,-5.3699999,-90565.117,461054.94,495.1232,12.879997,22653.719,,non-gentrifiable
980600,690,26.67,97,233,170,147,14.06,33.77,24.639999,21.299999,33.400002,6.6300001,27.059999,66042,745100,881,197,28.549999,530,26.6,28,310,107,67,5.2800002,58.490002,20.190001,12.64,9.8999996,8.3299999,19.700001,75188.23473420581,282185.102391126,908.870106761566,75,13.18,90298.188,1,0,462914.91,-27.870108,23.500002,-9146.2344,461054.94,495.1232,12.879997,22653.719,1,gentrifying
980900,253,30.040001,131,18,56,48,51.779999,7.1100001,22.129999,18.969999,60.48,14.84,44.509998,,,2727,54,21.34,410.884339186985,29.440001,163.9538,126.9643,25.99268,85.97580000000001,39.900002,30.9,6.3299999,20.92,28.16,40.630001,12.5,93040.87528491599,484573.617870898,727.679171609332,67.980863904416,43.040001,90298.188,0,0,,1999.3208,32.32,,461054.94,495.1232,12.879997,22653.719,,non-gentrifiable
990100,0,,0,0,0,0,,,,,,,,,,,0,,,,,,,,,,,,,,,,,,,,90298.188,0,0,,,,,461054.94,495.1232,12.879997,22653.719,,non-gentrifiable
